id,user_id,recipe_id,tag_id,Weight
1,945,14,213,1
2,945,69,993,1
3,945,64,1868,1
4,945,43,650,1
6,945,14,205,1
7,945,60,871,-1
8,945,48,720,1
9,945,106,1648,1
11,980,78,1155,1
12,980,14,205,1
13,980,86,1287,1
14,980,86,1288,1
15,980,30,478,1
16,980,83,1259,1
17,980,72,1036,1
18,980,22,307,1
19,980,22,308,1
20,980,84,1887,1
21,980,84,1893,1
22,981,22,307,1
23,981,22,308,-1
25,981,105,1627,1
27,981,78,1102,1
28,981,101,1569,1
29,981,101,1570,1
30,981,11,1834,-1
31,981,11,1835,1
32,981,72,1036,1
33,981,84,1887,1
34,981,84,1886,-1
35,982,55,791,1
36,982,43,651,-1
37,982,103,1591,1
39,986,37,555,1
40,986,37,549,1
41,986,41,617,1
42,986,41,627,1
43,986,41,620,1
44,986,41,629,1
46,986,40,597,1
47,986,22,308,1
48,989,97,1507,-1
49,989,97,1506,1
50,989,76,1083,1
52,989,30,478,1
53,989,14,205,1
54,991,64,1875,1
55,991,64,1874,1
56,991,64,1869,1
57,991,43,650,1
58,991,59,852,1
59,991,59,847,1
60,991,106,1632,1
62,991,106,1631,-1
63,991,69,995,-1
64,991,69,990,-1
65,991,69,996,-1
66,991,69,993,-1
67,991,69,988,-1
68,991,58,830,-1
69,991,58,826,-1
70,991,58,825,1
71,991,58,832,-1
72,991,72,1036,-1
73,991,22,307,-1
74,992,106,1631,1
76,992,69,988,1
77,992,69,990,1
82,992,43,651,-1
83,992,58,826,1
84,992,58,834,1
85,992,58,830,-1
86,992,28,422,1
87,992,28,423,-1
88,992,22,307,-1
89,993,54,782,1
90,993,21,295,1
91,993,21,301,-1
92,993,21,299,-1
93,993,21,297,1
94,993,72,1036,1
95,994,43,651,1
96,994,40,597,1
97,994,40,595,1
98,994,64,1870,1
99,994,64,1875,1
100,994,64,1868,-1
101,994,64,1874,-1
102,994,71,1013,1
103,994,71,1032,1
104,994,41,620,1
105,994,41,629,1
107,994,41,617,-1
108,994,72,1036,-1
109,994,22,308,1
110,994,22,307,1
111,994,84,1893,1
112,994,84,1892,1
113,995,59,836,1
114,995,59,847,-1
115,995,58,833,1
116,995,58,826,1
117,995,28,422,-1
120,995,42,637,-1
121,995,42,642,1
122,995,72,1036,-1
123,995,22,307,-1
124,995,84,1892,-1
125,996,41,617,1
127,996,41,620,1
130,996,35,527,1
131,996,35,528,1
132,996,72,1036,-1
133,996,22,307,1
134,996,84,1893,1
137,998,28,421,1
138,998,28,423,1
139,998,28,422,-1
140,998,37,554,1
141,998,22,307,1
142,998,22,308,1
143,999,96,1499,1
144,999,86,1287,1
145,999,86,1288,1
147,999,52,765,1
148,999,52,760,1
149,999,22,307,1
150,1000,14,1932,1
151,1000,69,990,1
152,1000,69,993,1
153,1000,37,555,1
154,1000,43,650,1
155,1000,106,1632,1
156,1000,72,1036,1
157,1000,84,1892,1
160,1001,106,1632,-1
161,1002,72,1036,1
162,1003,37,555,1
163,1003,58,830,-1
164,1003,58,826,1
165,1003,58,834,1
166,1003,41,617,1
167,1003,41,628,-1
168,1003,41,627,1
169,1003,65,929,1
170,1003,65,928,1
171,1003,29,435,1
172,1003,29,437,1
173,1003,29,433,-1
174,1003,29,434,-1
175,1003,72,1036,1
176,1003,22,307,1
177,1003,22,308,1
178,1003,84,1887,1
179,1003,84,1886,1
180,1004,28,421,1
181,1004,28,422,-1
182,1004,64,1875,1
183,1004,64,1874,1
184,1004,64,1871,1
185,1004,64,1868,1
186,1004,64,1869,-1
187,1006,69,990,1
188,1006,69,993,1
189,1006,58,832,1
190,1006,58,834,1
191,1006,58,830,-1
192,1007,52,764,1
193,1007,52,763,1
194,1007,52,765,1
195,1007,58,833,-1
196,1007,58,826,1
197,1007,58,832,1
198,1007,58,834,1
199,1007,97,1506,1
201,1007,36,542,1
202,1007,36,544,-1
203,1007,48,705,-1
204,1007,48,720,1
205,1007,22,307,1
206,1008,58,832,1
207,1008,58,825,1
208,1008,58,826,1
209,1008,64,1875,1
210,1008,64,1874,1
211,1008,64,1871,1
212,1008,64,1872,-1
213,1008,84,1892,1
214,1009,59,836,1
215,1009,59,847,1
216,1009,58,833,-1
217,1009,58,826,1
218,1009,97,1505,1
219,1009,97,1506,1
220,1009,35,527,1
221,1009,35,528,1
222,1010,36,542,1
223,1010,36,544,-1
224,1010,72,1036,-1
225,1011,25,1856,0
226,1011,26,348,0
227,1011,27,388,0
228,1011,20,288,0
229,1011,21,295,0
230,1011,22,307,0
231,1011,23,321,0
232,1011,28,421,0
233,1011,29,433,0
234,1011,4,64,0
235,1012,25,1857,0
236,1012,20,290,0
237,1012,21,296,0
238,1012,22,308,0
239,1012,23,323,0
240,1012,29,435,0
241,1012,4,63,0
242,1012,8,102,0
243,1012,59,852,0
244,1012,58,826,0
245,1013,25,1860,0
246,1013,20,291,0
247,1013,21,297,0
248,1013,23,319,0
249,1013,29,436,0
250,1013,8,104,0
251,1013,59,836,0
252,1013,58,827,0
253,1013,55,791,0
254,1013,54,782,0
255,1014,25,1853,0
256,1014,20,292,0
257,1014,21,299,0
258,1014,29,429,0
259,1014,8,105,0
260,1014,58,834,0
261,1014,57,810,0
262,1014,56,806,0
263,1014,51,748,0
264,1014,50,745,0
265,1015,25,1854,0
266,1015,20,283,0
267,1015,21,301,0
268,1015,29,430,0
269,1015,8,106,0
270,1015,58,829,0
271,1015,57,811,0
272,1015,56,807,0
273,1015,51,750,0
274,1015,53,769,0
275,1016,25,1855,0
276,1016,20,284,0
277,1016,21,304,0
278,1016,8,107,0
279,1016,58,830,0
280,1016,57,812,0
281,1016,51,752,0
282,1016,52,760,0
283,1016,115,1738,0
284,1016,88,1339,0
285,1017,21,305,0
286,1017,8,108,0
287,1017,57,818,0
288,1017,51,753,0
289,1017,52,768,0
290,1017,115,1740,0
291,1017,116,1776,0
292,1017,111,1698,0
293,1017,110,1687,0
294,1017,113,1915,0
295,1018,8,112,0
296,1018,57,822,0
297,1018,51,755,0
298,1018,52,763,0
299,1018,116,1781,0
300,1018,111,1699,0
301,1018,113,1916,0
302,1018,112,1712,0
303,1018,82,1249,0
304,1018,83,1259,0
305,1019,8,113,0
306,1019,57,823,0
307,1019,51,756,0
308,1019,52,764,0
309,1019,111,1692,0
310,1019,113,1917,0
311,1019,112,1713,0
312,1019,82,1251,0
313,1019,83,1260,0
314,1019,80,1218,0
315,1020,8,114,0
316,1020,51,757,0
317,1020,52,765,0
318,1020,111,1694,0
319,1020,112,1714,0
320,1020,82,1244,0
321,1020,83,1255,0
322,1020,80,1220,0
323,1020,81,1241,0
324,1020,86,1288,0
325,1021,8,115,0
326,1021,111,1695,0
327,1021,112,1715,0
328,1021,80,1226,0
329,1021,86,1289,0
330,1021,84,1893,0
331,1021,85,1283,0
332,1021,3,48,0
333,1021,7,98,0
334,1021,108,1664,0
335,1022,80,1227,0
336,1022,86,1287,0
337,1022,84,1887,0
338,1022,3,49,0
339,1022,7,100,0
340,1022,108,1665,0
341,1022,109,1675,0
342,1022,102,1905,0
343,1022,103,1592,0
344,1022,100,1553,0
345,1023,80,1228,0
346,1023,3,50,0
347,1023,7,94,0
348,1023,108,1666,0
349,1023,109,1670,0
350,1023,102,1903,0
351,1023,103,1586,0
352,1023,100,1554,0
353,1023,101,1564,0
354,1023,106,1632,0
355,1024,80,1229,0
356,1024,3,51,0
357,1024,108,1668,0
358,1024,103,1587,0
359,1024,100,1555,0
360,1024,101,1566,0
361,1024,106,1633,0
362,1024,107,1906,0
363,1024,104,1601,0
364,1024,105,1608,0
365,1025,80,1230,0
366,1025,108,1669,0
367,1025,103,1590,0
368,1025,101,1567,0
369,1025,107,1907,0
370,1025,104,1594,0
371,1025,105,1627,0
372,1025,39,581,0
373,1025,38,578,0
374,1025,33,505,0
375,1026,103,1591,0
376,1026,107,1909,0
377,1026,104,1595,0
378,1026,39,582,0
379,1026,38,566,0
380,1026,33,506,0
381,1026,32,496,0
382,1026,31,1867,0
383,1026,30,439,0
384,1026,37,554,0
385,1027,107,1911,0
386,1027,104,1602,0
387,1027,38,558,0
388,1027,33,508,0
389,1027,31,1861,0
390,1027,37,549,0
391,1027,36,544,0
392,1027,35,528,0
393,1027,34,513,0
394,1027,60,866,0
395,1028,104,1605,0
396,1028,33,501,0
397,1028,31,1862,0
398,1028,36,542,0
399,1028,35,529,0
400,1028,34,525,0
401,1028,60,867,0
402,1028,61,875,0
403,1028,62,899,0
404,1028,64,1872,0
405,1029,35,526,0
406,1029,34,524,0
407,1029,60,868,0
408,1029,62,900,0
409,1029,64,1869,0
410,1029,65,929,0
411,1029,66,959,0
412,1029,67,969,0
413,1029,69,993,0
414,1029,2,2,0
415,1030,35,527,0
416,1030,34,509,0
417,1030,60,869,0
418,1030,62,902,0
419,1030,64,1870,0
420,1030,67,966,0
421,1030,69,995,0
422,1030,6,89,0
423,1030,99,1544,0
424,1030,98,1530,0
425,1031,34,517,0
426,1031,60,871,0
427,1031,64,1871,0
428,1031,69,988,0
429,1031,6,82,0
430,1031,99,1547,0
431,1031,98,1542,0
432,1031,91,1894,0
434,1031,93,1440,0
435,1032,60,872,0
436,1032,69,996,0
437,1032,6,86,0
438,1032,99,1549,0
439,1032,91,1895,0
440,1032,93,1438,0
441,1032,95,1492,0
442,1032,94,1472,0
443,1032,97,1505,0
444,1032,96,1499,0
445,1033,69,990,0
446,1033,6,79,0
447,1033,99,1551,0
448,1033,95,1491,0
449,1033,94,1476,0
450,1033,97,1506,0
451,1033,10,144,0
452,1033,13,172,0
453,1033,12,160,0
454,1033,15,224,0
455,1034,95,1484,0
456,1034,94,1477,0
457,1034,97,1507,0
458,1034,12,169,0
459,1034,15,218,0
460,1034,14,1932,0
461,1034,16,1847,0
462,1034,19,1851,0
463,1034,18,259,0
464,1034,117,1828,0
465,1035,95,1486,0
466,1035,94,1478,0
467,1035,97,1508,0
468,1035,12,170,0
469,1035,15,219,0
470,1035,14,205,0
471,1035,19,1852,0
472,1035,18,257,0
473,1035,48,720,0
474,1035,49,737,0
475,1036,95,1487,0
476,1036,94,1481,0
477,1036,12,158,0
478,1036,15,220,0
479,1036,18,251,0
480,1036,48,705,0
481,1036,49,738,0
482,1036,46,674,0
483,1036,47,691,0
484,1036,44,656,0
485,1037,94,1470,0
486,1037,12,159,0
487,1037,15,215,0
488,1037,18,253,0
489,1037,48,700,0
490,1037,49,734,0
491,1037,46,676,0
492,1037,47,692,0
493,1037,44,663,0
494,1037,45,665,0
495,1038,94,1471,0
496,1038,46,678,0
497,1038,45,666,0
498,1038,42,640,0
499,1038,43,650,0
500,1038,40,595,0
501,1038,41,617,0
502,1038,5,75,0
503,1038,9,117,0
504,1038,77,1880,0
505,1039,45,667,0
506,1039,42,643,0
507,1039,40,596,0
508,1039,41,629,0
509,1039,5,68,0
510,1039,77,1876,0
511,1039,76,1082,0
512,1039,75,1070,0
513,1039,74,1064,0
514,1039,73,1052,0
515,1040,42,645,0
516,1040,40,597,0
517,1040,41,628,0
518,1040,5,70,0
519,1040,77,1878,0
520,1040,76,1085,0
521,1040,75,1071,0
522,1040,74,1068,0
523,1040,72,1036,0
524,1040,71,1032,0
525,1041,42,631,0
526,1041,41,621,0
527,1041,5,71,0
528,1041,75,1072,0
529,1041,74,1067,0
530,1041,71,1013,0
531,1041,70,1002,0
532,1041,79,1171,0
533,1041,78,1155,0
534,1042,42,632,0
535,1042,41,623,0
536,1042,75,1073,0
537,1042,74,1060,0
538,1042,70,998,0
539,1042,78,1101,0
540,1043,42,633,0
541,1043,75,1076,0
542,1043,74,1063,0
543,1043,70,999,0
544,1043,78,1103,0
545,1044,42,635,0
546,1044,75,1079,0
547,1045,42,636,0
548,1045,75,1081,0
549,1046,42,637,0
550,1047,42,638,0
551,988,2,2,1
553,1091,64,1868,1
554,1091,64,1870,-1
555,1091,69,995,1
556,1091,74,1067,-1
557,1091,74,1064,1
558,1091,65,928,1
559,1091,29,433,1
560,1091,29,430,-1
562,1092,106,1632,1
563,1092,14,1932,1
564,1092,84,1887,1
565,1099,40,595,1
566,1099,40,596,-1
567,1099,71,1013,1
568,1099,71,1032,-1
569,1099,41,617,1
570,1099,41,629,-1
571,1099,41,623,1
572,1099,28,422,1
573,1099,37,554,1
574,1099,37,555,1
575,1099,37,549,1
576,1099,74,1060,1
577,1099,74,1069,1
578,1099,74,1068,1
579,1099,74,1063,-1
580,1099,74,1062,-1
581,1099,72,1036,1
582,1099,22,307,1
583,1099,22,308,-1
584,1101,65,928,1
585,1101,65,929,1
586,1101,74,1060,1
587,1101,74,1063,1
588,1101,74,1068,1
589,1101,74,1064,1
590,1101,69,988,1
591,1101,69,990,1
592,1101,29,429,1
593,1101,29,430,1
594,1101,30,439,1
595,1101,28,423,1
596,1101,28,422,1
597,1101,28,421,1
598,1101,14,205,1
599,1101,72,1036,-1
600,1102,66,959,1
603,1102,116,1781,1
604,1102,116,1777,1
605,1102,116,1776,1
606,1102,6,79,1
608,1102,67,966,1
609,1102,67,969,1
610,1102,96,1499,1
611,1102,96,1500,1
612,1102,72,1036,-1
613,1102,22,307,1
614,1102,22,308,1
615,1102,84,1887,1
616,1103,52,760,1
617,1103,52,763,1
618,1103,52,765,1
619,1103,58,825,1
620,1103,58,826,1
621,1103,58,827,1
622,1103,94,1469,1
623,1103,94,1470,1
624,1103,94,1471,1
625,1103,75,1070,1
626,1103,75,1071,1
627,1103,75,1072,1
628,1103,111,1692,1
629,1103,111,1694,1
630,1103,111,1696,1
631,1103,111,1695,1
632,1103,23,319,1
633,1103,23,321,1
634,1103,6,79,1
636,1103,59,836,1
637,1103,59,852,1
638,1104,24,331,1
639,1104,86,1287,1
640,1104,86,1289,1
641,1104,86,1288,1
642,1104,59,836,1
643,1104,59,852,1
644,1104,60,867,1
645,1104,60,870,1
646,1104,60,866,1
647,1104,42,631,1
648,1104,42,632,1
649,1104,42,637,1
650,1104,42,640,1
651,1104,42,638,1
652,1104,22,308,1
653,1104,22,307,1
654,1104,84,1892,1
655,1105,14,205,1
656,1105,30,439,1
657,1105,43,650,1
658,1105,64,1871,1
660,1105,13,172,1
661,1105,106,1633,1
663,1105,106,1631,1
664,1105,69,988,1
665,1106,30,439,1
666,1106,69,990,1
667,1106,106,1633,1
668,1106,106,1631,1
670,1106,64,1871,1
671,1106,43,650,1
672,1107,22,307,1
673,1107,22,308,1
674,1107,63,909,1
675,1107,63,910,1
676,1107,88,1339,1
677,1108,86,1288,1
678,1108,86,1287,1
679,1108,86,1289,1
680,1108,28,421,1
681,1108,28,422,1
682,1108,9,117,1
685,1108,6,79,1
686,1108,20,283,1
687,1108,20,292,1
688,1108,20,284,1
689,1108,22,308,1
690,1109,55,791,1
691,1109,97,1506,1
692,1109,97,1505,-1
693,1109,72,1036,-1
694,1110,15,218,1
695,1110,15,215,-1
696,1110,15,220,1
697,1110,15,219,1
698,1110,15,224,1
699,1110,97,1506,1
700,1110,97,1507,-1
701,1110,64,1875,1
702,1110,64,1874,1
703,1110,64,1871,-1
704,1110,64,1868,1
705,1110,64,1869,-1
706,1110,2,2,1
707,1111,35,529,-1
708,1111,64,1869,-1
709,1111,64,1875,1
710,1111,64,1868,-1
712,1111,55,791,1
713,1111,55,790,1
714,1111,35,528,1
715,1111,35,527,-1
716,1111,35,526,1
718,1113,59,847,1
719,1113,59,852,1
720,1113,65,928,1
721,1114,86,1289,1
722,1114,86,1288,1
723,1114,43,650,1
724,1114,64,1868,1
725,1114,64,1875,-1
726,1114,64,1869,-1
727,1114,64,1871,1
728,1114,106,1632,1
729,1114,106,1633,1
731,1114,106,1631,1
732,1114,72,1036,1
733,1114,22,308,1
734,1114,22,307,1
735,1115,14,1932,1
736,1115,106,1633,1
738,1115,13,172,1
740,1115,43,650,1
741,1115,64,1875,1
742,1115,72,1036,1
743,1116,100,1554,1
744,1116,101,1573,1
745,1116,101,1566,1
746,1116,101,1565,-1
747,1116,29,437,1
748,1117,43,650,1
749,1118,106,1632,1
751,1118,69,996,1
752,1118,14,1932,1
753,1118,64,1875,1
754,1118,64,1868,1
755,1119,69,996,1
756,1119,69,995,-1
757,1120,64,1875,1
758,1121,69,993,1
759,1122,30,478,1
760,1122,69,996,1
761,1122,43,650,1
762,1123,43,650,1
763,1124,64,1870,1
764,1124,64,1875,-1
765,1124,69,993,1
766,1124,106,1631,-1
767,1124,37,549,1
768,1126,30,478,1
769,1126,14,1932,-1
770,1126,106,1633,1
771,1128,97,1505,1
772,1128,36,542,1
773,1128,35,526,1
774,1128,41,617,1
776,1129,101,1573,1
777,1129,101,1572,1
778,1129,36,542,1
780,1130,58,832,1
781,1130,58,830,-1
782,1130,116,1781,1
783,1130,64,1875,1
784,1130,52,765,-1
785,1130,52,764,1
786,1130,52,763,1
787,1130,52,760,1
788,1130,35,529,1
789,1130,35,527,1
790,1131,9,117,1
791,1131,74,1066,1
792,1131,74,1062,-1
793,1131,74,1060,1
794,1131,65,928,1
795,1131,86,1288,1
796,1131,67,969,1
797,1131,72,1036,-1
798,1131,22,307,1
799,1131,84,1893,1
800,1131,64,1875,1
801,1131,7,98,1
802,1131,35,527,1
803,1131,35,526,1
804,1131,35,528,1
805,1132,64,1875,1
806,1132,7,100,1
807,1132,106,1632,1
809,1134,106,1632,1
810,1134,14,1932,1
811,1134,58,832,1
812,1134,58,825,1
813,1134,58,826,1
814,1134,58,830,-1
815,1134,84,1892,1
816,1134,84,1886,1
817,1134,84,1893,-1
818,1135,67,969,1
819,1135,67,970,-1
821,1135,106,1631,-1
822,1135,58,835,1
823,1135,58,833,1
824,1135,58,832,1
825,1135,58,825,1
826,1135,58,830,-1
827,1135,84,1887,1
828,1135,84,1893,1
829,1135,84,1892,1
830,1136,58,825,1
831,1136,43,650,1
833,1136,6,79,1
835,1137,58,833,1
836,1137,58,826,1
837,1137,97,1505,1
838,1137,97,1508,1
839,1137,65,928,-1
840,1137,52,760,-1
841,1137,52,768,-1
842,1137,52,765,1
843,1137,74,1060,1
844,1138,9,117,1
845,1138,67,970,1
846,1138,116,1776,1
847,1138,86,1289,1
848,1138,22,307,-1
849,1139,65,928,1
850,1139,41,617,1
851,1139,40,596,1
852,1139,28,421,1
853,1140,130,2091,1
854,1140,130,2092,1
855,1140,130,2093,1
856,1140,130,2094,1
857,1140,130,2095,1
858,1140,130,2096,1
859,1140,130,2097,1
860,1140,130,2098,1
861,1140,130,2099,1
862,1140,211,3185,1
863,1140,211,3186,1
864,1140,211,3187,1
865,1140,211,3188,1
866,1140,211,3189,1
867,1140,211,3190,1
868,1140,191,2912,1
869,1140,191,2913,1
870,1140,191,2914,1
871,1140,191,2915,1
872,1140,191,2916,1
873,1140,191,2917,1
874,1140,173,2620,1
875,1140,173,2621,1
876,1140,173,2622,1
877,1140,173,2623,1
878,1140,173,2624,1
879,1140,173,2625,1
880,1140,173,2626,1
881,1140,188,2843,1
882,1140,188,2844,1
883,1140,188,2845,1
884,1140,188,2846,1
885,1140,188,2847,1
886,1140,188,2848,1
887,1140,188,2849,1
888,1140,142,2261,1
889,1140,142,2262,1
890,1140,142,2263,1
891,1140,142,2264,1
892,1140,142,2265,1
893,1140,182,2757,1
894,1140,182,2758,1
895,1140,182,2759,1
896,1140,182,2760,1
897,1140,182,2761,1
898,1140,182,2762,1
899,1140,182,2763,1
900,1140,182,2764,1
901,1140,182,2765,1
902,1140,190,2889,1
903,1140,190,2890,1
904,1140,190,2891,1
905,1140,190,2892,1
906,1140,190,2893,1
907,1140,190,2894,1
908,1140,180,2720,1
909,1140,180,2721,1
910,1140,180,2722,1
911,1140,180,2723,1
912,1140,180,2724,1
913,1140,180,2725,1
914,1140,201,3036,1
915,1140,201,3037,1
916,1140,201,3038,1
917,1140,201,3039,1
918,1140,201,3040,1
919,1140,201,3041,1
920,1140,201,3042,1
921,1140,162,2473,1
922,1140,162,2474,1
923,1140,159,2437,1
924,1140,159,2438,1
925,1140,178,2687,1
926,1140,178,2688,1
927,1140,178,2689,1
928,1140,178,2690,1
929,1140,178,2691,1
930,1140,178,2692,1
931,1140,233,3488,1
932,1140,233,3489,1
933,1140,233,3490,1
934,1140,233,3491,1
935,1140,233,3492,1
936,1140,233,3493,1
937,1140,233,3494,1
938,1140,233,3495,1
939,1140,128,2054,1
940,1140,128,2055,1
941,1140,128,2056,1
942,1140,128,2057,1
943,1140,128,2058,1
944,1140,128,2059,1
945,1140,128,2060,1
946,1140,226,3406,1
947,1140,226,3407,1
948,1140,226,3408,1
949,1140,226,3409,1
950,1140,226,3410,1
951,1140,226,3411,1
952,1140,221,3331,1
953,1140,221,3332,1
954,1140,221,3333,1
955,1140,221,3334,1
956,1140,221,3335,1
957,1140,221,3336,1
958,1140,221,3337,1
959,1140,168,2545,1
960,1140,168,2546,1
961,1140,168,2547,1
962,1140,168,2548,1
963,1140,168,2549,1
964,1140,168,2550,1
965,1140,174,2637,1
966,1140,174,2638,1
967,1140,174,2639,1
968,1140,174,2640,1
969,1140,218,3272,1
970,1140,218,3273,1
971,1140,218,3274,1
972,1140,218,3275,1
973,1140,218,3276,1
974,1140,218,3277,1
975,1140,218,3278,1
976,1140,218,3279,1
977,1140,218,3280,1
978,1140,118,1933,1
979,1140,118,1934,1
980,1140,118,1935,1
981,1140,118,1936,1
982,1140,118,1937,1
983,1140,153,2382,1
984,1140,153,2383,1
985,1140,153,2384,1
986,1140,153,2385,1
987,1140,209,3156,1
988,1140,209,3157,1
989,1140,209,3158,1
990,1140,209,3159,1
991,1140,209,3160,1
992,1140,209,3161,1
993,1140,209,3162,1
994,1140,210,3169,1
995,1140,210,3170,1
996,1140,210,3171,1
997,1140,179,2707,1
998,1140,179,2708,1
999,1140,179,2709,1
1000,1140,179,2710,1
1001,1140,179,2711,1
1002,1140,119,1954,1
1003,1140,119,1955,1
1004,1140,119,1956,1
1005,1140,119,1957,1
1006,1140,119,1958,1
1007,1140,119,1959,1
1008,1140,119,1960,1
1009,1140,119,1961,1
1010,1140,223,3358,1
1011,1140,223,3362,1
1012,1140,223,3363,1
1013,1140,223,3364,1
1014,1140,223,3365,1
1015,1140,140,2229,1
1016,1140,140,2230,1
1017,1140,140,2231,1
1018,1140,140,2232,1
1019,1140,140,2233,1
1020,1140,161,2459,1
1021,1140,161,2460,1
1022,1140,183,2775,1
1023,1140,183,2776,1
1024,1140,224,3379,1
1025,1140,224,3380,1
1026,1140,224,3381,1
1027,1140,199,3010,1
1028,1140,171,2603,1
1029,1140,184,2799,1
1030,1140,220,3323,1
1031,1140,220,3324,1
1032,1140,124,2013,1
1033,1140,124,2015,1
1034,1140,189,2875,1
1035,1140,189,2880,1
1036,1140,238,3553,1
1037,1140,238,3556,1
1038,1140,238,3560,1
1039,1140,206,3115,1
1040,1140,206,3116,1
1041,1140,196,2973,1
1042,1140,196,2974,1
1043,1140,196,2975,1
1044,1140,150,2352,1
1045,1140,150,2353,1
1046,1140,181,2745,1
1047,1140,181,2746,1
1048,1140,181,2747,1
1049,1140,141,2242,1
1050,1140,141,2244,1
1051,1140,141,2250,1
1052,1140,141,2247,1
1053,1140,225,3395,1
1054,1140,131,2130,1
1055,1140,131,2129,1
1056,1140,131,2132,1
1057,1140,172,2615,1
1058,1140,172,2611,1
1059,1140,172,2613,1
1060,1140,147,2315,1
1061,1140,147,2316,1
1062,1140,122,1992,1
1063,1140,122,1999,1
1064,1140,122,2000,1
1065,1140,165,2498,1
1066,1140,165,2499,1
1067,1140,165,2500,1
1068,1140,165,2501,1
1069,1140,198,2994,1
1070,1140,198,2995,1
1071,1140,198,2996,1
1072,1140,198,2997,1
1073,1140,185,2813,1
1074,1140,185,2814,1
1075,1140,185,2815,1
1076,1140,185,2816,1
1077,1140,185,2817,1
1078,1140,192,2935,1
1079,1140,192,2936,1
1080,1140,192,2937,1
1081,1140,177,2675,1
1082,1140,177,2676,1
1083,1140,177,2677,1
1084,1140,126,2042,1
1085,1140,126,2043,1
1086,1140,126,2044,1
1087,1140,126,2045,1
1088,1140,126,2046,1
1089,1140,204,3088,1
1090,1140,204,3090,1
1091,1140,204,3091,1
1092,1140,204,3092,1
1093,1140,204,3093,1
1094,1140,204,3094,1
1095,1140,204,3095,1
1096,1140,204,3096,1
1097,1140,163,2481,1
1098,1140,163,2482,1
1099,1140,163,2483,1
1100,1140,164,2489,1
1101,1140,164,2494,1
1102,1140,202,3060,1
1103,1140,202,3061,1
1104,1140,202,3062,1
1105,1140,202,3063,1
1106,1140,202,3064,1
1107,1140,217,3264,1
1108,1140,217,3265,1
1109,1140,217,3266,1
1110,1140,134,2154,1
1111,1140,134,2155,1
1112,1140,134,2156,1
1113,1140,134,2157,1
1114,1140,134,2158,1
1115,1140,134,2159,1
1116,1140,134,2160,1
1117,1140,222,3347,1
1118,1140,222,3348,1
1119,1140,222,3349,1
1120,1140,222,3350,1
1121,1140,222,3351,1
1122,1140,151,2361,1
1123,1140,151,2366,1
1124,1140,151,2362,1
1125,1140,151,2364,1
1126,1140,228,3434,1
1127,1140,228,3435,1
1128,1140,228,3436,1
1129,1140,228,3437,1
1130,1140,228,3438,1
1131,1140,169,2569,1
1132,1140,169,2570,1
1133,1140,169,2571,1
1134,1140,169,2572,1
1135,1140,138,2208,1
1136,1140,138,2209,1
1137,1140,234,3505,1
1138,1140,234,3506,1
1139,1140,234,3507,1
1140,1140,234,3513,1
1141,1140,234,3514,1
1142,1140,152,2377,1
1143,1140,152,2378,1
1144,1140,152,2379,1
1145,1140,121,1982,1
1146,1140,121,1983,1
1147,1140,121,1984,1
1148,1140,176,2666,1
1149,1140,176,2667,1
1150,1140,176,2668,1
1151,1140,208,3141,1
1152,1140,208,3145,1
1153,1140,208,3146,1
1154,1140,208,3142,1
1155,1140,208,3148,1
1156,1140,208,3149,1
1157,1140,149,2337,1
1158,1140,149,2338,1
1159,1140,149,2339,1
1160,1140,149,2340,1
1161,1140,149,2341,1
1162,1140,149,2342,1
1163,1140,149,2343,1
1164,1140,203,3072,1
1165,1140,203,3073,1
1166,1140,203,3074,1
1167,1140,203,3075,1
1168,1140,203,3076,1
1169,1140,203,3077,1
1170,1140,203,3078,1
1171,1140,200,3018,1
1172,1140,200,3019,1
1173,1140,200,3020,1
1174,1140,200,3021,1
1175,1140,200,3022,1
1176,1140,120,1973,1
1177,1140,120,1974,1
1178,1140,120,1975,1
1179,1140,120,1976,1
1180,1140,120,1977,1
1181,1140,120,1978,1
1182,1140,148,2327,1
1183,1140,148,2328,1
1184,1140,148,2329,1
1185,1140,148,2330,1
1186,1140,148,2331,1
1187,1140,125,2027,1
1188,1140,125,2028,1
1189,1140,125,2029,1
1190,1140,125,2030,1
1191,1140,125,2031,1
1192,1140,125,2032,1
1193,1140,212,3209,1
1194,1140,212,3210,1
1195,1140,212,3211,1
1196,1140,212,3212,1
1197,1140,212,3213,1
1198,1140,143,2277,1
1199,1140,143,2278,1
1200,1140,154,2391,1
1201,1140,154,2392,1
1202,1140,236,3531,1
1203,1140,236,3532,1
1204,1140,236,3533,1
1205,1140,237,3542,1
1206,1140,237,3543,1
1207,1140,237,3544,1
1208,1140,237,3545,1
1209,1140,132,2141,1
1210,1140,132,2142,1
1211,1140,157,2420,1
1212,1140,157,2421,1
1213,1140,157,2422,1
1214,1140,175,2658,1
1215,1140,175,2659,1
1216,1140,175,2660,1
1217,1140,175,2661,1
1218,1140,193,2945,1
1219,1140,193,2946,1
1220,1140,158,2425,1
1221,1140,158,2426,1
1222,1140,158,2427,1
1223,1140,158,2428,1
1224,1140,158,2429,1
1225,1140,158,2430,1
1226,1140,170,2583,1
1227,1140,170,2584,1
1228,1140,170,2585,1
1229,1140,170,2586,1
1230,1140,170,2587,1
1231,1140,170,2588,1
1232,1140,195,2960,1
1233,1140,195,2961,1
1234,1140,195,2964,1
1235,1140,195,2965,1
1236,1140,195,2966,1
1237,1140,197,2983,1
1238,1140,197,2984,1
1239,1140,197,2985,1
1240,1140,219,3307,1
1241,1140,219,3308,1
1242,1140,219,3309,1
1243,1140,219,3310,1
1244,1140,219,3311,1
1245,1140,219,3312,1
1246,1140,219,3313,1
1247,1140,219,3314,1
1248,1140,194,2950,1
1249,1140,194,2951,1
1250,1140,194,2952,1
1251,1140,194,2953,1
1252,1140,135,2169,1
1253,1140,135,2170,1
1254,1140,231,3468,1
1255,1140,231,3469,1
1256,1140,231,3470,1
1257,1140,160,2449,1
1258,1140,160,2450,1
1259,1140,160,2451,1
1260,1140,129,2077,1
1261,1140,129,2079,1
1262,1140,129,2084,1
1263,1140,129,2085,1
1264,1140,227,3423,1
1265,1140,227,3424,1
1266,1140,227,3425,1
1267,1140,227,3426,1
1268,1140,167,2534,1
1269,1140,167,2538,1
1270,1140,167,2539,1
1271,1140,167,2535,1
1272,1140,167,2541,1
1273,1140,167,2542,1
1274,1140,167,2543,1
1275,1140,213,3220,1
1276,1140,213,3221,1
1277,1140,213,3222,1
1278,1140,213,3223,1
1279,1140,213,3224,1
1280,1140,213,3225,1
1281,1140,144,2285,1
1282,1140,144,2286,1
1283,1140,144,2287,1
1284,1140,144,2288,1
1285,1140,144,2289,1
1286,1140,232,3478,1
1287,1140,232,3479,1
1288,1140,232,3480,1
1289,1140,232,3481,1
1290,1140,232,3482,1
1291,1140,230,3455,1
1292,1140,230,3456,1
1293,1140,230,3457,1
1294,1140,230,3458,1
1295,1140,230,3459,1
1296,1140,216,3255,1
1297,1140,216,3256,1
1298,1140,216,3257,1
1299,1140,216,3258,1
1300,1140,216,3259,1
1301,1140,166,2516,1
1302,1140,166,2517,1
1303,1140,166,2518,1
1304,1140,166,2519,1
1305,1140,166,2520,1
1306,1140,166,2521,1
1307,1140,166,2522,1
1308,1140,166,2523,1
1309,1140,205,3104,1
1310,1140,205,3105,1
1311,1140,205,3106,1
1312,1140,136,2180,1
1313,1140,136,2182,1
1314,1140,136,2185,1
1315,1140,136,2186,1
1316,1140,136,2187,1
1317,1140,214,3232,1
1318,1140,214,3233,1
1319,1140,214,3234,1
1320,1140,214,3235,1
1321,1140,214,3236,1
1322,1140,214,3237,1
1323,1140,127,2048,1
1324,1140,127,2049,1
1325,1140,137,2199,1
1326,1140,137,2200,1
1327,1140,137,2201,1
1328,1140,137,2202,1
1329,1140,137,2203,1
1330,1140,145,2297,1
1331,1140,145,2296,1
1332,1140,145,2302,1
1333,1140,235,3522,1
1334,1140,235,3523,1
1335,1140,235,3524,1
1336,1140,235,3525,1
1337,1140,186,2821,1
1338,1140,186,2822,1
1339,1140,186,2823,1
1340,1140,186,2824,1
1341,1140,186,2825,1
1342,1141,130,2091,583
1343,1141,130,2092,583
1344,1141,130,2093,583
1345,1141,130,2094,583
1346,1141,130,2095,583
1347,1141,130,2096,583
1348,1141,130,2097,583
1349,1141,211,3185,583
1350,1141,211,3186,583
1351,1141,211,3187,583
1352,1141,211,3194,583
1353,1141,211,3195,583
1354,1141,211,3188,583
1355,1141,211,3189,583
1356,1141,180,2731,583
1357,1141,180,2720,583
1358,1141,180,2721,583
1359,1141,180,2723,583
1360,1141,180,2728,583
1361,1141,180,2725,583
1362,1141,180,2737,583
1363,1141,180,2730,583
1364,1141,171,2595,583
1365,1141,171,2596,583
1366,1141,171,2597,583
1367,1141,171,2598,583
1368,1141,171,2599,583
1369,1141,171,2600,583
1370,1141,171,2601,583
1371,1141,171,2602,583
1372,1141,171,2603,583
1373,1141,171,2604,583
1374,1141,124,2012,583
1375,1141,124,2013,583
1376,1141,124,2014,583
1377,1141,124,2015,583
1378,1141,124,2016,583
1379,1141,124,2017,583
1380,1141,124,2018,583
1381,1141,124,2019,583
1382,1141,124,2020,583
1383,1141,124,2021,583
1384,1141,174,2637,583
1385,1141,174,2638,583
1386,1141,174,2639,583
1387,1141,174,2644,583
1388,1141,174,2645,583
1389,1141,174,2646,583
1390,1141,174,2640,583
1391,1141,174,2648,583
1392,1141,174,2649,583
1393,1141,174,2650,583
1394,1141,184,2792,583
1395,1141,184,2793,583
1396,1141,184,2794,583
1397,1141,184,2795,583
1398,1141,184,2796,583
1399,1141,184,2797,583
1400,1141,184,2798,583
1401,1141,184,2799,583
1402,1141,184,2800,583
1403,1141,218,3272,583
1404,1141,218,3273,583
1405,1141,218,3274,583
1406,1141,218,3275,583
1407,1141,218,3276,583
1408,1141,218,3277,583
1409,1141,218,3278,583
1410,1141,218,3288,583
1411,1141,218,3279,583
1412,1141,218,3280,583
1413,1141,238,3551,583
1414,1141,238,3552,583
1415,1141,238,3553,583
1416,1141,238,3554,583
1417,1141,238,3555,583
1418,1141,238,3556,583
1419,1141,238,3557,583
1420,1141,238,3558,583
1421,1141,238,3559,583
1422,1141,238,3560,583
1423,1141,201,3036,583
1424,1141,201,3037,583
1425,1141,201,3038,583
1426,1141,201,3039,583
1427,1141,201,3040,583
1428,1141,201,3041,583
1429,1141,201,3042,583
1430,1141,201,3050,583
1431,1141,159,2439,583
1432,1141,159,2440,583
1433,1141,159,2441,583
1434,1141,159,2442,583
1435,1141,159,2443,583
1436,1141,159,2444,583
1437,1141,159,2437,583
1438,1141,159,2438,583
1439,1141,207,3119,583
1440,1141,207,3127,583
1441,1141,207,3120,583
1442,1141,207,3129,583
1443,1141,207,3121,583
1444,1141,207,3122,583
1445,1141,207,3123,583
1446,1141,207,3124,583
1447,1141,207,3125,583
1448,1142,130,2091,584
1449,1142,130,2092,584
1450,1142,130,2093,584
1451,1142,130,2094,584
1452,1142,130,2095,584
1453,1142,130,2096,584
1454,1142,130,2097,584
1455,1143,190,2895,585
1456,1143,190,2889,585
1457,1143,190,2890,585
1458,1143,190,2898,585
1459,1143,190,2892,585
1460,1143,190,2894,585
1461,1143,180,2721,585
1462,1143,180,2723,585
1463,1143,180,2728,585
1464,1143,180,2725,585
1465,1143,180,2730,585
1466,1143,182,2759,585
1467,1143,182,2760,585
1468,1143,182,2761,585
1469,1144,207,3119,586
1470,1144,207,3120,586
1471,1144,207,3121,586
1472,1144,207,3122,586
1473,1144,207,3123,586
1474,1144,207,3124,586
1475,1144,207,3125,586
1476,1145,130,2091,587
1477,1145,130,2092,587
1478,1145,130,2093,587
1479,1145,130,2094,587
1480,1145,130,2096,587
1481,1145,130,2097,587
1482,1145,142,2261,587
1483,1145,142,2262,587
1484,1145,142,2263,587
1485,1145,142,2269,587
1486,1145,142,2270,587
1487,1145,142,2271,587
1488,1145,218,3272,587
1489,1145,218,3273,587
1490,1145,218,3274,587
1491,1145,218,3276,587
1492,1145,218,3278,587
1493,1145,218,3288,587
1494,1145,189,2872,587
1495,1145,189,2873,587
1496,1145,189,2874,587
1497,1145,189,2875,587
1498,1145,189,2876,587
1499,1145,189,2877,587
1500,1145,189,2878,587
1501,1145,189,2879,587
1502,1145,189,2880,587
1503,1145,189,2881,587
1504,1145,191,2912,587
1505,1145,191,2914,587
1506,1145,191,2916,587
1507,1145,191,2921,587
1508,1145,191,2917,587
1509,1145,191,2923,587
1510,1145,118,1933,587
1511,1145,118,1934,587
1512,1145,118,1940,587
1513,1145,118,1941,587
1514,1145,118,1942,587
1515,1145,118,1935,587
1516,1145,118,1944,587
1517,1145,141,2242,587
1518,1145,141,2243,587
1519,1145,141,2244,587
1520,1145,141,2245,587
1521,1145,141,2246,587
1522,1145,141,2247,587
1523,1145,122,1992,587
1524,1145,122,1993,587
1525,1145,122,1994,587
1526,1145,122,1995,587
1527,1145,122,1996,587
1528,1145,129,2077,587
1529,1145,129,2078,587
1530,1145,129,2079,587
1531,1145,129,2080,587
1532,1145,129,2081,587
1533,1145,136,2178,587
1534,1145,136,2179,587
1535,1145,136,2180,587
1536,1145,136,2181,587
1537,1145,136,2182,587
1538,1145,136,2183,587
1539,1145,136,2184,587
1540,1145,136,2185,587
1541,1145,136,2186,587
1542,1145,136,2187,587
1543,1145,168,2551,587
1544,1145,168,2546,587
1545,1145,168,2547,587
1546,1145,168,2549,587
1547,1145,168,2555,587
1548,1145,168,2556,587
1549,1145,168,2550,587
1550,1145,164,2489,587
1551,1145,164,2490,587
1552,1145,164,2491,587
1553,1145,164,2492,587
1554,1146,130,2091,588
1555,1146,130,2094,588
1556,1146,130,2095,588
1557,1146,130,2096,588
1558,1146,130,2097,588
1559,1146,207,3121,588
1560,1146,207,3122,588
1561,1146,207,3123,588
1562,1146,207,3124,588
1563,1146,159,2443,588
1564,1146,139,2214,588
1565,1146,139,2215,588
1566,1146,139,2216,588
1567,1146,153,2383,588
1568,1146,218,3276,588
1569,1146,238,3554,588
1570,1146,131,2129,588
1571,1146,204,3088,588
1572,1146,122,1995,588
1573,1146,145,2296,588
1574,1147,130,2091,589
1575,1147,130,2093,589
1576,1147,130,2094,589
1577,1147,130,2097,589
1578,1147,190,2895,589
1579,1147,190,2902,589
1580,1147,190,2891,589
1581,1147,190,2898,589
1582,1147,190,2892,589
1583,1147,190,2894,589
1584,1147,180,2720,589
1585,1147,180,2721,589
1586,1147,180,2723,589
1587,1147,180,2724,589
1588,1147,180,2728,589
1589,1147,180,2730,589
1590,1147,162,2474,589
1591,1147,162,2476,589
1592,1147,162,2477,589
1593,1147,201,3036,589
1594,1147,201,3037,589
1595,1147,201,3039,589
1596,1147,201,3041,589
1597,1147,201,3042,589
1598,1147,201,3050,589
1599,1147,173,2621,589
1600,1147,173,2622,589
1601,1147,173,2623,589
1602,1147,173,2624,589
1603,1147,173,2625,589
1604,1147,173,2626,589
1605,1147,188,2843,589
1606,1147,188,2844,589
1607,1147,188,2845,589
1608,1147,188,2846,589
1609,1147,188,2847,589
1610,1147,188,2848,589
1611,1147,188,2856,589
1612,1147,188,2857,589
1613,1147,188,2849,589
1614,1147,139,2217,589
1615,1147,139,2218,589
1616,1147,139,2219,589
1617,1147,139,2214,589
1618,1147,139,2215,589
1619,1147,139,2222,589
1620,1147,139,2223,589
1621,1147,233,3488,589
1622,1147,233,3489,589
1623,1147,233,3490,589
1624,1147,233,3492,589
1625,1147,233,3493,589
1626,1147,233,3494,589
1627,1147,233,3495,589
1628,1147,223,3358,589
1629,1147,223,3359,589
1630,1147,223,3360,589
1631,1147,223,3361,589
1632,1147,223,3362,589
1633,1147,223,3363,589
1634,1147,223,3364,589
1635,1147,223,3365,589
1636,1147,223,3366,589
1637,1147,221,3331,589
1638,1147,221,3332,589
1639,1147,221,3340,589
1640,1147,221,3333,589
1641,1147,221,3335,589
1642,1147,221,3336,589
1643,1147,221,3344,589
1644,1147,174,2637,589
1645,1147,174,2639,589
1646,1147,174,2644,589
1647,1147,174,2645,589
1648,1147,174,2640,589
1649,1147,174,2648,589
1650,1147,218,3272,589
1651,1147,218,3273,589
1652,1147,218,3274,589
1653,1147,218,3275,589
1654,1147,218,3276,589
1655,1147,218,3277,589
1656,1147,218,3278,589
1657,1147,218,3288,589
1658,1147,218,3279,589
1659,1147,133,2145,589
1660,1147,133,2146,589
1661,1147,133,2147,589
1662,1147,133,2148,589
1663,1147,133,2149,589
1664,1147,156,2407,589
1665,1147,156,2408,589
1666,1147,156,2409,589
1667,1147,156,2410,589
1668,1147,156,2411,589
1669,1147,156,2412,589
1670,1147,156,2413,589
1671,1147,151,2360,589
1672,1147,151,2361,589
1673,1147,151,2362,589
1674,1147,151,2363,589
1675,1147,151,2364,589
1676,1147,234,3505,589
1677,1147,234,3506,589
1678,1147,234,3507,589
1679,1147,234,3508,589
1680,1147,234,3509,589
1681,1148,233,3494,590
1682,1148,153,2387,590
1683,1148,220,3322,590
1684,1148,146,2305,590
1685,1148,146,2306,590
1686,1148,146,2307,590
1687,1148,146,2308,590
1688,1148,172,2611,590
1689,1148,172,2612,590
1690,1148,172,2613,590
1691,1148,172,2614,590
1692,1148,185,2811,590
1693,1148,185,2812,590
1694,1148,208,3141,590
1695,1148,208,3142,590
1696,1148,208,3143,590
1697,1148,157,2418,590
1698,1148,157,2419,590
1699,1148,195,2960,590
1700,1148,195,2961,590
1701,1148,167,2534,590
1702,1148,167,2535,590
1703,1148,167,2536,590
1704,1148,145,2297,590
1705,1148,145,2298,590
1706,1148,145,2296,590
1707,1149,211,3185,592
1708,1149,211,3186,592
1709,1149,211,3194,592
1710,1149,211,3188,592
1711,1149,211,3202,592
1712,1149,211,3203,592
1713,1149,178,2689,592
1714,1149,178,2691,592
1715,1149,178,2695,592
1716,1149,178,2696,592
1717,1149,178,2697,592
1718,1149,128,2054,592
1719,1149,128,2062,592
1720,1149,128,2055,592
1721,1149,128,2056,592
1722,1149,128,2058,592
1723,1149,128,2066,592
1724,1149,128,2060,592
1725,1149,226,3412,592
1726,1149,226,3407,592
1727,1149,226,3409,592
1728,1149,226,3415,592
1729,1149,226,3410,592
1730,1149,168,2551,592
1731,1149,168,2546,592
1732,1149,168,2548,592
1733,1149,168,2555,592
1734,1149,168,2556,592
1735,1149,209,3156,592
1736,1149,209,3157,592
1737,1149,209,3159,592
1738,1149,210,3172,592
1739,1149,210,3169,592
1740,1149,210,3174,592
1741,1149,210,3175,592
1742,1149,210,3176,592
1743,1149,210,3177,592
1744,1149,179,2712,592
1745,1149,179,2711,592
1746,1149,119,1955,592
1747,1149,119,1958,592
1748,1149,119,1960,592
1749,1149,119,1965,592
1750,1149,140,2229,592
1751,1149,140,2231,592
1752,1149,140,2236,592
1753,1149,140,2232,592
1754,1149,140,2238,592
1755,1149,161,2459,592
1756,1149,161,2462,592
1757,1149,161,2463,592
1758,1149,183,2775,592
1759,1149,183,2778,592
1760,1149,183,2776,592
1761,1149,183,2780,592
1762,1149,203,3072,592
1763,1149,203,3075,592
1764,1149,200,3018,592
1765,1149,200,3024,592
1766,1149,200,3019,592
1767,1149,200,3021,592
1768,1149,200,3027,592
1769,1149,200,3022,592
1770,1149,125,2027,592
1771,1149,125,2034,592
1772,1149,125,2028,592
1773,1149,125,2036,592
1774,1149,237,3546,592
1775,1149,237,3547,592
1776,1149,237,3548,592
1777,1149,237,3544,592
1778,1149,237,3545,592
1779,1149,197,2986,592
1780,1149,197,2987,592
1781,1149,197,2984,592
1782,1149,197,2985,592
1783,1149,197,2990,592
1784,1149,191,2912,592
1785,1149,191,2913,592
1786,1149,191,2914,592
1787,1149,191,2915,592
1788,1149,191,2916,592
1789,1149,191,2917,592
1790,1149,191,2923,592
1791,1149,191,2931,592
1792,1149,191,2932,592
1793,1150,224,3382,593
1794,1150,224,3383,593
1795,1150,224,3384,593
1796,1150,224,3380,593
1797,1150,224,3381,593
1798,1150,224,3387,593
1799,1150,199,3010,593
1800,1150,199,3012,593
1801,1150,187,2832,593
1802,1150,187,2833,593
1803,1150,187,2834,593
1804,1150,187,2835,593
1805,1150,187,2836,593
1806,1150,187,2837,593
1807,1150,187,2838,593
1808,1150,196,2976,593
1809,1150,196,2977,593
1810,1150,123,2005,593
1811,1150,123,2006,593
1812,1150,123,2007,593
1813,1150,150,2354,593
1814,1150,150,2352,593
1815,1150,150,2356,593
1816,1150,181,2745,593
1817,1150,181,2747,593
1818,1150,181,2750,593
1819,1150,215,3245,593
1820,1150,215,3246,593
1821,1150,215,3247,593
1822,1150,215,3248,593
1823,1150,215,3249,593
1824,1150,225,3395,593
1825,1150,225,3397,593
1826,1150,225,3398,593
1827,1150,225,3399,593
1828,1150,147,2317,593
1829,1150,147,2318,593
1830,1150,147,2316,593
1831,1150,147,2320,593
1832,1150,147,2321,593
1833,1150,147,2322,593
1834,1150,165,2498,593
1835,1150,165,2503,593
1836,1150,165,2504,593
1837,1150,165,2505,593
1838,1150,165,2506,593
1839,1150,165,2499,593
1840,1150,165,2500,593
1841,1150,165,2501,593
1842,1150,198,2994,593
1843,1150,198,2999,593
1844,1150,198,3000,593
1845,1150,198,2996,593
1846,1150,198,3002,593
1847,1150,198,3003,593
1848,1150,198,3004,593
1849,1150,198,2997,593
1850,1150,192,2938,593
1851,1150,192,2935,593
1852,1150,192,2940,593
1853,1150,192,2941,593
1854,1150,155,2398,593
1855,1150,155,2399,593
1856,1150,155,2400,593
1857,1150,127,2050,593
1858,1150,127,2051,593
1859,1150,127,2052,593
1860,1150,127,2049,593
1861,1150,235,3526,593
1862,1150,235,3527,593
1863,1150,124,2013,593
1864,1150,124,2014,593
1865,1150,124,2019,593
1866,1150,223,3358,593
1867,1150,223,3359,593
1868,1150,223,3360,593
1869,1150,223,3362,593
1870,1150,223,3363,593
1871,1151,206,3117,594
1872,1151,177,2675,594
1873,1151,177,2679,594
1874,1151,177,2676,594
1875,1151,177,2677,594
1876,1151,177,2682,594
1877,1151,126,2046,594
1878,1151,163,2484,594
1879,1151,163,2485,594
1880,1151,202,3065,594
1881,1151,217,3264,594
1882,1151,217,3268,594
1883,1151,134,2154,594
1884,1151,134,2155,594
1885,1151,134,2158,594
1886,1151,134,2159,594
1887,1151,228,3434,594
1888,1151,228,3436,594
1889,1151,228,3437,594
1890,1151,121,1985,594
1891,1151,121,1982,594
1892,1151,121,1983,594
1893,1151,121,1984,594
1894,1151,176,2666,594
1895,1151,176,2667,594
1896,1151,176,2671,594
1897,1151,176,2672,594
1898,1151,149,2344,594
1899,1151,149,2345,594
1900,1151,149,2346,594
1901,1151,149,2339,594
1902,1151,149,2341,594
1903,1151,149,2342,594
1904,1151,184,2792,594
1905,1151,184,2794,594
1906,1151,184,2798,594
1907,1151,184,2799,594
1908,1151,184,2800,594
1909,1151,189,2873,594
1910,1151,189,2874,594
1911,1151,189,2876,594
1912,1151,141,2242,594
1913,1151,141,2245,594
1914,1151,141,2254,594
1915,1151,141,2250,594
1916,1151,129,2086,594
1917,1151,129,2081,594
1918,1151,204,3096,594
1919,1151,162,2477,594
1920,1151,139,2224,594
1921,1151,220,3323,594
1922,1151,187,2832,594
1923,1151,187,2835,594
1924,1151,187,2836,594
1925,1151,187,2842,594
1926,1151,172,2618,594
1927,1151,167,2538,594
1928,1151,119,1954,594
1929,1151,119,1955,594
1930,1151,119,1957,594
1931,1151,119,1958,594
1932,1151,119,1959,594
1933,1152,222,3347,595
1934,1152,222,3353,595
1935,1152,222,3354,595
1936,1152,222,3350,595
1937,1152,169,2569,595
1938,1152,169,2570,595
1939,1152,169,2575,595
1940,1152,169,2576,595
1941,1152,169,2571,595
1942,1152,169,2572,595
1943,1152,138,2210,595
1944,1152,138,2211,595
1945,1152,138,2212,595
1946,1152,152,2380,595
1947,1152,152,2378,595
1948,1152,120,1973,595
1949,1152,120,1977,595
1950,1152,148,2327,595
1951,1152,148,2333,595
1952,1152,148,2334,595
1953,1152,148,2329,595
1954,1152,212,3211,595
1955,1152,212,3215,595
1956,1152,143,2277,595
1957,1152,143,2278,595
1958,1152,143,2281,595
1959,1152,143,2282,595
1960,1152,229,3448,595
1961,1152,229,3449,595
1962,1152,236,3534,595
1963,1152,236,3535,595
1964,1152,236,3533,595
1965,1152,236,3537,595
1966,1152,236,3538,595
1967,1152,175,2662,595
1968,1152,175,2658,595
1969,1152,175,2660,595
1970,1152,175,2661,595
1971,1152,194,2950,595
1972,1152,194,2951,595
1973,1152,194,2956,595
1974,1152,194,2953,595
1975,1152,213,3221,595
1976,1152,213,3223,595
1977,1152,213,3224,595
1978,1152,213,3229,595
1979,1152,178,2687,595
1980,1152,178,2688,595
1981,1152,178,2689,595
1982,1152,178,2695,595
1983,1152,128,2054,595
1984,1152,128,2062,595
1985,1152,128,2055,595
1986,1152,128,2057,595
1987,1152,128,2058,595
1988,1152,128,2066,595
1989,1152,168,2549,595
1990,1152,168,2556,595
1991,1152,182,2765,595
1992,1152,173,2620,595
1993,1152,173,2621,595
1994,1152,173,2623,595
1995,1152,131,2133,595
1996,1152,131,2134,595
1997,1152,156,2409,595
1998,1152,234,3505,595
1999,1152,234,3506,595
2000,1152,234,3507,595
2001,1152,234,3518,595
2002,1152,234,3514,595
2003,1152,234,3509,595
2004,1153,158,2429,596
2005,1153,170,2586,596
2006,1153,170,2587,596
2007,1153,135,2171,596
2008,1153,135,2172,596
2009,1153,135,2173,596
2010,1153,219,3308,596
2011,1153,219,3309,596
2012,1153,231,3471,596
2013,1153,231,3472,596
2014,1153,231,3469,596
2015,1153,231,3474,596
2016,1153,231,3470,596
2017,1153,232,3483,596
2018,1153,232,3479,596
2019,1153,205,3104,596
2020,1153,205,3105,596
2021,1153,205,3106,596
2022,1153,205,3110,596
2023,1153,186,2822,596
2024,1153,118,1933,596
2025,1153,118,1934,596
2026,1153,118,1942,596
2027,1153,118,1936,596
2028,1153,118,1937,596
2029,1153,188,2843,596
2030,1153,188,2844,596
2031,1153,188,2845,596
2032,1153,188,2847,596
2033,1153,188,2856,596
2034,1153,188,2857,596
2035,1153,188,2849,596
2036,1153,151,2361,596
2037,1153,151,2370,596
2038,1153,151,2371,596
2039,1153,195,2960,596
2040,1153,195,2961,596
2041,1153,195,2966,596
2042,1153,133,2150,596
2043,1153,133,2151,596
2044,1153,133,2148,596
2045,1153,133,2149,596
2046,1153,181,2751,596
2047,1153,181,2745,596
2048,1153,181,2753,596
2049,1153,181,2754,596
2050,1153,181,2747,596
2051,1153,181,2750,596
2052,1153,228,3434,596
2053,1153,228,3436,596
2054,1153,228,3437,596
2055,1153,203,3072,596
2056,1153,203,3082,596
2057,1153,203,3075,596
2058,1153,203,3077,596
2059,1153,203,3078,596
2060,1153,200,3018,596
2061,1153,200,3019,596
2062,1153,200,3020,596
2063,1153,200,3027,596
2064,1153,200,3022,596
2065,1153,229,3450,596
2066,1153,229,3451,596
2067,1153,229,3448,596
2068,1153,229,3453,596
2069,1153,229,3454,596
2070,1153,194,2951,596
2071,1153,194,2956,596
2072,1153,225,3395,596
2073,1153,174,2639,596
2074,1153,190,2895,596
2075,1153,190,2891,596
2076,1153,190,2898,596
2077,1153,190,2892,596
2078,1153,190,2893,596
2079,1153,182,2757,596
2080,1153,182,2758,596
2081,1153,182,2764,596
2082,1153,182,2773,596
2083,1153,182,2765,596
2084,1153,139,2217,596
2085,1153,139,2214,596
2086,1153,139,2224,596
2087,1153,139,2228,596
2088,1154,227,3425,597
2089,1154,227,3428,597
2090,1154,227,3429,597
2091,1154,144,2290,597
2092,1154,144,2286,597
2093,1154,144,2292,597
2094,1154,216,3257,597
2095,1154,216,3261,597
2096,1154,166,2516,597
2097,1154,166,2523,597
2098,1154,142,2262,597
2099,1154,142,2264,597
2100,1154,142,2265,597
2101,1154,214,3233,597
2102,1154,214,3234,597
2103,1154,214,3235,597
2104,1154,214,3237,597
2105,1154,137,2200,597
2106,1154,137,2205,597
2107,1154,210,3172,597
2108,1154,210,3169,597
2109,1154,210,3175,597
2110,1154,179,2707,597
2111,1154,179,2708,597
2112,1154,179,2716,597
2113,1154,179,2710,597
2114,1154,192,2936,597
2115,1154,177,2675,597
2116,1154,177,2684,597
2117,1154,177,2677,597
2118,1154,177,2686,597
2119,1154,153,2388,597
2120,1154,153,2382,597
2121,1154,153,2385,597
2122,1154,122,2000,597
2123,1154,122,1993,597
2124,1154,122,2003,597
2125,1154,122,2004,597
2126,1154,172,2619,597
2127,1155,230,3455,598
2128,1155,230,3461,598
2129,1155,211,3188,598
2130,1155,211,3189,598
2131,1155,226,3410,598
2132,1155,226,3411,598
2133,1155,226,3419,598
2134,1155,221,3332,598
2135,1155,209,3156,598
2136,1155,171,2595,598
2137,1155,136,2182,598
2138,1155,136,2184,598
2139,1155,136,2185,598
2140,1155,208,3143,598
2141,1155,140,2239,598
2142,1155,140,2232,598
2143,1155,140,2238,598
2144,1155,161,2464,598
2145,1155,161,2462,598
2146,1155,161,2466,598
2147,1155,183,2781,598
2148,1155,183,2776,598
2149,1155,183,2783,598
2150,1155,183,2784,598
2151,1155,183,2780,598
2152,1155,224,3388,598
2153,1155,224,3379,598
2154,1155,224,3387,598
2155,1155,132,2141,598
2156,1155,132,2142,598
2157,1155,193,2947,598
2158,1155,193,2945,598
2159,1155,193,2946,598
2160,1155,135,2171,598
2161,1155,135,2172,598
2162,1155,135,2170,598
2163,1155,135,2173,598
2164,1155,231,3476,598
2165,1155,197,2990,598
2166,1155,216,3255,598
2167,1155,216,3263,598
2168,1155,125,2027,598
2169,1155,125,2028,598
2170,1155,125,2029,598
2171,1155,148,2333,598
2172,1155,236,3534,598
2173,1156,164,2495,599
2174,1156,146,2309,599
2175,1156,146,2305,599
2176,1156,146,2307,599
2177,1156,185,2811,599
2178,1156,185,2813,599
2179,1156,185,2814,599
2180,1156,199,3013,599
2181,1156,199,3014,599
2182,1156,199,3012,599
2183,1156,123,2008,599
2184,1156,123,2009,599
2185,1156,123,2010,599
2186,1156,123,2011,599
2187,1156,150,2352,599
2188,1156,150,2358,599
2189,1156,215,3250,599
2190,1156,215,3251,599
2191,1156,215,3248,599
2192,1156,215,3249,599
2193,1156,163,2486,599
2194,1156,163,2484,599
2195,1156,217,3264,599
2196,1156,217,3270,599
2197,1156,217,3271,599
2198,1156,176,2666,599
2199,1156,176,2667,599
2200,1156,149,2344,599
2201,1156,149,2338,599
2202,1156,138,2210,599
2203,1156,143,2278,599
2204,1156,143,2281,599
2205,1156,170,2583,599
2206,1156,170,2585,599
2207,1156,170,2587,599
2208,1156,170,2594,599
2209,1156,230,3455,599
2210,1156,230,3459,599
2211,1156,147,2315,599
2212,1156,147,2324,599
2213,1156,147,2316,599
2214,1156,147,2322,599
2215,1156,198,2994,599
2216,1156,165,2498,599
2217,1156,165,2500,599
2218,1157,232,3483,600
2219,1157,232,3479,600
2220,1157,232,3480,600
2221,1157,227,3423,600
2222,1157,227,3424,600
2223,1157,227,3432,600
2224,1157,227,3425,600
2225,1157,155,2401,600
2226,1157,155,2402,600
2227,1157,155,2403,600
2228,1157,155,2398,600
2229,1157,155,2405,600
2230,1157,155,2400,600
2231,1157,222,3347,600
2232,1157,222,3354,600
2233,1157,158,2425,600
2234,1157,158,2426,600
2235,1157,158,2430,600
2236,1157,166,2516,600
2237,1157,166,2517,600
2238,1157,166,2518,600
2239,1157,166,2521,600
2240,1157,160,2449,600
2241,1157,160,2453,600
2242,1157,160,2454,600
2243,1157,160,2455,600
2244,1157,160,2450,600
2245,1157,206,3115,600
2246,1157,121,1982,600
2247,1157,121,1990,600
2248,1157,134,2155,600
2249,1157,134,2166,600
2250,1157,212,3209,600
2251,1157,212,3210,600
2252,1157,212,3218,600
2253,1157,212,3219,600
2254,1157,219,3307,600
2255,1157,219,3310,600
2256,1157,219,3311,600
2257,1157,219,3313,600
2258,1157,219,3314,600
2259,1157,213,3221,600
2260,1157,213,3223,600
2261,1157,188,2843,600
2262,1157,188,2844,600
2263,1157,188,2845,600
2264,1157,188,2847,600
2265,1157,188,2856,600
2266,1157,188,2849,600
2267,1157,173,2636,600
2268,1157,162,2473,600
2269,1157,162,2480,600
2270,1157,159,2439,600
2271,1157,211,3187,600
2272,1157,211,3194,600
2273,1157,211,3202,600
2274,1157,169,2575,600
2275,1157,169,2576,600
2276,1157,169,2581,600
2277,1157,169,2571,600
2278,1157,214,3233,600
2279,1157,214,3243,600
2280,1157,214,3236,600
2281,1157,120,1973,600
2282,1158,154,2391,601
2283,1158,154,2394,601
2284,1158,154,2395,601
2285,1158,196,2978,601
2286,1158,196,2973,601
2287,1158,196,2974,601
2288,1158,196,2981,601
2289,1158,196,2976,601
2290,1158,202,3060,601
2291,1158,202,3067,601
2292,1158,202,3061,601
2293,1158,202,3062,601
2294,1158,202,3065,601
2295,1158,202,3063,601
2296,1158,144,2290,601
2297,1158,144,2292,601
2298,1158,144,2288,601
2299,1158,205,3111,601
2300,1158,205,3105,601
2301,1158,205,3113,601
2302,1158,205,3114,601
2303,1158,186,2821,601
2304,1158,186,2822,601
2305,1158,186,2823,601
2306,1158,186,2830,601
2307,1158,186,2825,601
2308,1158,128,2055,601
2309,1158,128,2057,601
2310,1158,128,2058,601
2311,1158,168,2545,601
2312,1158,168,2551,601
2313,1158,168,2548,601
2314,1158,168,2549,601
2315,1158,210,3172,601
2316,1158,210,3174,601
2317,1158,210,3175,601
2318,1158,210,3170,601
2319,1158,238,3551,601
2320,1158,238,3552,601
2321,1158,238,3559,601
2322,1158,235,3523,601
2323,1158,235,3529,601
2324,1158,235,3530,601
2325,1158,191,2912,601
2326,1158,191,2914,601
2327,1158,118,1933,601
2328,1158,118,1934,601
2329,1158,118,1942,601
2330,1158,118,1935,601
2331,1158,209,3156,601
2332,1158,209,3157,601
2333,1159,137,2202,602
2334,1159,137,2203,602
2335,1159,226,3412,602
2336,1159,226,3410,602
2337,1159,226,3411,602
2338,1159,179,2707,602
2339,1159,179,2716,602
2340,1159,208,3141,602
2341,1159,208,3142,602
2342,1159,208,3143,602
2343,1159,208,3154,602
2344,1159,208,3155,602
2345,1159,157,2423,602
2346,1159,157,2418,602
2347,1159,163,2484,602
2348,1159,203,3077,602
2349,1159,203,3078,602
2350,1159,195,2961,602
2351,1159,195,2971,602
2352,1159,195,2966,602
2353,1159,197,2984,602
2354,1159,197,2990,602
2355,1159,158,2425,602
2356,1159,158,2430,602
2357,1159,125,2040,602
2358,1159,125,2041,602
2359,1159,223,3363,602
2360,1159,223,3365,602
2361,1159,233,3488,602
2362,1159,160,2449,602
2363,1159,160,2454,602
2364,1159,142,2261,602
2365,1159,142,2262,602
2366,1159,201,3036,602
2367,1159,201,3042,602
2368,1159,201,3050,602
2369,1159,154,2391,602
2370,1159,154,2392,602
2371,1159,221,3340,602
2372,1159,207,3124,602
2373,1159,207,3125,602
2374,1159,178,2687,602
2375,1159,178,2688,602
2376,1159,178,2690,602
2377,1159,178,2691,602
2378,1159,178,2706,602
2379,1159,171,2596,602
2380,1159,171,2597,602
2381,1159,171,2601,602
2382,1159,171,2602,602
2383,1160,184,2792,603
2384,1160,184,2793,603
2385,1160,184,2794,603
2386,1160,184,2795,603
2387,1160,164,2489,603
2388,1160,164,2495,603
2389,1160,189,2872,603
2390,1160,189,2873,603
2391,1160,131,2130,603
2392,1160,131,2133,603
2393,1160,131,2129,603
2394,1160,131,2138,603
2395,1160,131,2132,603
2396,1160,131,2134,603
2397,1160,204,3088,603
2398,1160,204,3090,603
2399,1160,204,3091,603
2400,1160,204,3093,603
2401,1160,204,3094,603
2402,1160,204,3095,603
2403,1160,129,2077,603
2404,1160,129,2079,603
2405,1160,129,2080,603
2406,1160,145,2297,603
2407,1160,145,2298,603
2408,1160,220,3326,603
2409,1160,220,3323,603
2410,1160,220,3328,603
2411,1160,220,3324,603
2412,1160,220,3330,603
2413,1160,151,2360,603
2414,1160,151,2373,603
2415,1160,151,2371,603
2416,1160,151,2364,603
2417,1160,151,2376,603
2418,1160,119,1954,603
2419,1160,119,1955,603
2420,1160,183,2781,603
2421,1160,183,2787,603
2422,1160,183,2775,603
2423,1160,183,2778,603
2424,1160,183,2790,603
2425,1160,183,2776,603
2426,1160,141,2242,603
2427,1160,141,2243,603
2428,1160,141,2246,603
2429,1160,141,2254,603
2430,1160,141,2250,603
2431,1160,161,2459,603
2432,1160,161,2464,603
2433,1160,161,2462,603
2434,1160,161,2470,603
2435,1160,161,2460,603
2436,1160,161,2472,603
2437,1160,224,3388,603
2438,1160,224,3380,603
2439,1160,224,3381,603
2440,1160,224,3387,603
2441,1160,228,3434,603
2442,1160,228,3446,603
2443,1160,228,3438,603
2444,1160,231,3476,603
2445,1160,230,3455,603
2446,1160,230,3465,603
2447,1160,230,3461,603
2448,1160,230,3458,603
2449,1160,166,2516,603
2450,1160,166,2517,603
2451,1160,166,2518,603
2452,1160,166,2521,603
2453,1160,200,3018,603
2454,1160,200,3021,603
2455,1160,215,3248,603
2456,1160,156,2407,603
2457,1160,156,2409,603
2458,1160,156,2417,603
2459,1160,146,2309,603
2460,1160,146,2313,603
2461,1160,146,2307,603
2462,1160,136,2183,603
2463,1160,136,2184,603
2464,1160,136,2186,603
2465,1160,234,3505,603
2466,1160,199,3010,603
2467,1160,199,3017,603
2468,1160,150,2354,603
2469,1160,225,3395,603
2470,1160,225,3402,603
2471,1160,225,3403,603
2472,1160,225,3404,603
2473,1160,225,3405,603
2474,1160,198,2995,603
2475,1160,198,3000,603
2476,1160,198,3004,603
2477,1160,192,2941,603
2478,1160,192,2944,603
2479,1160,134,2155,603
2480,1160,134,2160,603
2481,1160,121,1982,603
2482,1160,236,3534,603
2483,1160,236,3531,603
2484,1160,165,2498,603
2485,1160,165,2513,603
2486,1160,165,2505,603
2487,1160,165,2499,603
2488,1162,58,833,1
2489,1162,69,990,1
2490,1162,69,988,1
2491,1162,69,996,1
2492,1162,59,836,1
2493,1162,59,852,1
2494,1207,122,1995,1
2495,1207,118,1937,1
2496,1207,118,1933,1
2497,1207,139,2214,1
2498,1207,139,2215,1
2499,1207,139,2216,1
2500,1207,128,2060,1
2501,1207,7,98,1
2502,1207,7,95,1
2503,1207,2,2,1
2504,1207,2,3,1
2505,1207,139,2223,1
2506,1207,139,2217,1
2507,1207,204,3094,1
2508,1207,204,3096,1
2509,1207,204,3088,1
2510,1207,236,3535,1
2511,1207,142,2264,1
2512,1207,122,2003,1
2513,1207,122,2004,1
2514,1207,140,2230,1
2515,1207,140,2239,1
2516,1207,119,1965,1
2517,1207,119,1958,1
2518,1207,129,2078,1
2519,1207,120,1973,1
2520,1206,179,2708,1
2521,1206,179,2716,1
2522,1206,179,2707,1
2523,1206,179,2709,-1
2524,1206,194,2953,-1
2525,1206,194,2956,1
2526,1206,194,2951,1
2527,1206,194,2950,1
2528,1206,206,3115,1
2529,1206,206,3117,1
2530,1206,25,1857,1
2531,1206,25,1856,-1
2532,1206,25,1859,1
2533,1206,25,1853,1
2534,1206,25,1854,1
2535,1206,25,1860,1
2536,1206,25,1855,1
2537,1206,177,2682,-1
2538,1206,29,437,-1
2539,1206,29,429,1
2540,1206,29,433,1
2541,1206,29,436,1
2542,1206,29,430,1
2543,1206,29,434,-1
2544,1206,29,438,1
2545,1206,29,431,1
2546,1206,85,1283,1
2547,1206,131,2129,1
2548,1206,131,2133,1
2549,1206,131,2132,1
2550,1206,131,2130,1
2551,1206,119,1965,1
2552,1206,119,1958,1
2553,1206,119,1954,1
2554,1206,119,1955,1
2555,1206,119,1961,1
2556,1206,121,1984,1
2557,1206,121,1990,-1
2558,1208,39,582,1
2559,1208,39,581,1
2560,1208,15,218,1
2561,1208,15,215,1
2562,1208,15,224,1
2563,1208,3,50,1
2564,1208,3,47,1
2565,1208,3,44,1
2566,1208,3,45,1
2567,1208,3,43,1
2568,1208,12,159,1
2569,1208,12,170,1
2570,1208,12,158,1
2571,1208,12,169,1
2572,1208,8,102,1
2573,1208,8,106,1
2574,1208,8,105,1
2575,1208,8,107,1
2576,1208,8,111,1
2577,1208,41,617,1
2578,1208,41,628,1
2579,1208,41,620,1
2580,1208,5,68,1
2581,1208,5,71,1
2582,1208,5,70,1
2583,1208,129,2078,1
2584,1208,129,2081,1
2585,1208,129,2086,1
2586,1208,119,1956,1
2587,1208,119,1954,1
2588,1208,119,1955,1
2589,1208,119,1958,1
2590,1208,119,1961,1
2591,1208,78,1101,1
2592,1208,78,1155,-1
2593,1208,94,1470,1
2594,1208,94,1471,1
2595,1208,94,1472,1
2596,1208,94,1469,1
2597,1208,94,1481,-1
2598,1208,94,1477,-1
2599,1208,37,554,1
2600,1208,37,555,1
2601,1208,37,549,1
2602,1208,220,3324,1
2603,1208,105,1608,1
2604,1208,47,689,-1
2605,1208,47,690,1
2606,1208,47,691,1
2607,1208,107,1908,1
2608,1208,107,1911,1
2609,1208,107,1909,1
2610,1208,107,1906,1
2611,1209,189,2878,1
2612,1209,189,2881,1
2613,1209,189,2876,1
2614,1209,189,2872,1
2615,1209,189,2874,1
2616,1209,189,2873,1
2617,1209,8,102,1
2618,1209,8,105,1
2619,1209,8,107,-1
2620,1209,8,101,1
2621,1209,29,430,1
2622,1209,29,437,1
2623,1209,29,438,1
2624,1209,29,431,1
2625,1209,29,436,1
2626,1209,29,429,1
2627,1210,200,3027,1
2628,1210,200,3019,1
2629,1210,200,3022,1
2630,1210,237,3544,1
2631,1210,11,1834,1
2632,1210,150,2353,1
2633,1210,150,2354,1
2634,1210,150,2358,1
2635,1210,150,2356,1
2636,1210,107,1908,1
2637,1210,107,1906,1
2638,1210,107,1907,1
2639,1210,107,1911,1
2640,1210,107,1909,-1
2641,1210,94,1478,1
2642,1210,94,1470,1
2643,1210,94,1474,1
2644,1210,94,1471,1
2645,1210,94,1476,1
2646,1210,94,1475,1
2647,1210,94,1472,1
2648,1210,94,1477,-1
2649,1210,116,1776,-1
2650,1210,116,1781,1
2651,1210,116,1777,1
2652,1210,13,172,1
2653,1210,13,173,1
2654,1210,134,2155,1
2655,1210,134,2154,1
2656,1210,134,2158,-1
2657,1210,134,2156,1
2658,1210,9,117,1
2659,1210,119,1965,1
2660,1210,119,1955,1
2661,1210,119,1954,1
2662,1210,119,1961,1
2663,1210,119,1956,-1
2664,1210,86,1287,1
2665,1210,86,1288,1
2666,1210,182,2759,1
2667,1210,182,2760,1
2668,1210,182,2761,1
2669,1210,182,2758,-1
2670,1210,182,2764,1
2671,1210,182,2757,1
2672,1210,182,2773,1
2673,1210,108,1669,1
2674,1210,108,1666,1
2675,1210,108,1668,1
2676,1210,37,555,1
2677,1210,37,554,1
2678,1210,5,68,1
2679,1210,5,73,1
2680,1210,5,70,1
2681,1210,5,75,1
2682,1210,5,71,1
2683,1210,151,2362,1
2684,1210,151,2363,1
2685,1211,192,2941,1
2686,1211,192,2938,1
2687,1211,192,2935,1
2688,1211,192,2940,1
2689,1211,165,2505,1
2690,1211,165,2513,1
2691,1211,123,2007,1
2692,1211,123,2005,1
2693,1211,215,3249,1
2694,1211,179,2708,1
2695,1211,20,283,1
2696,1211,116,1776,1
2697,1211,116,1781,1
2698,1211,116,1777,1
2699,1211,180,2728,1
2700,1211,180,2724,1
2701,1211,118,1933,1
2702,1211,118,1941,1
2703,1211,118,1944,1
2704,1211,70,999,1
2705,1211,70,1002,1
2706,1211,70,1000,1
2707,1211,119,1955,1
2708,1211,190,2893,1
2709,1211,190,2892,1
2710,1211,190,2890,-1
2711,1211,85,1283,1
2712,1211,29,431,1
2713,1211,66,957,1
2714,1211,66,959,1
2715,1211,66,960,1
2716,1212,215,3249,1
2717,1212,215,3247,1
2718,1212,215,3246,-1
2719,1212,215,3250,1
2720,1212,105,1608,1
2721,1212,105,1627,1
2722,1212,12,170,1
2723,1212,12,158,1
2724,1212,12,169,-1
2725,1212,12,160,1
2726,1212,12,159,1
2727,1212,134,2156,1
2728,1212,134,2159,1
2729,1212,134,2155,1
2730,1212,134,2158,-1
2731,1212,134,2154,1
2732,1212,210,3172,-1
2733,1212,210,3170,1
2734,1212,11,1834,1
2735,1212,128,2060,1
2736,1212,128,2059,1
2737,1212,128,2062,1
2738,1212,128,2056,-1
2739,1212,128,2054,1
2740,1212,128,2066,1
2741,1212,177,2682,1
2742,1212,32,496,-1
2743,1212,29,437,1
2744,1212,29,429,1
2745,1212,29,435,1
2746,1212,29,436,1
2747,1212,29,438,1
2748,1212,29,430,1
2749,1212,29,431,1
2750,1212,29,434,-1
2751,1212,180,2724,1
2752,1212,180,2728,1
2753,1212,151,2366,1
2754,1212,151,2370,1
2755,1212,151,2361,1
2756,1212,151,2362,1
2757,1213,18,250,1
2758,1213,18,251,1
2759,1213,18,265,1
2760,1213,18,253,1
2761,1213,18,259,1
2762,1213,122,2003,1
2763,1213,122,1992,1
2764,1213,122,2004,1
2765,1213,122,1999,1
2766,1213,122,1994,-1
2767,1213,106,1630,1
2768,1213,106,1632,1
2769,1213,106,1633,1
2770,1213,134,2155,1
2771,1213,134,2158,1
2772,1213,134,2157,1
2773,1213,134,2159,1
2774,1213,134,2156,1
2775,1213,134,2154,1
2776,1213,12,170,1
2777,1213,12,169,1
2778,1213,12,159,1
2779,1213,12,160,1
2780,1213,12,167,-1
2781,1213,39,582,1
2782,1213,39,581,1
2783,1213,105,1608,1
2784,1213,105,1627,1
2785,1213,187,2832,1
2786,1213,187,2838,1
2787,1213,187,2837,1
2788,1213,187,2842,-1
2789,1213,61,875,1
2790,1213,107,1908,1
2791,1213,107,1906,1
2792,1213,107,1910,-1
2793,1213,107,1907,1
2794,1213,107,1909,1
2795,1213,107,1911,-1
2796,1213,29,429,1
2797,1213,29,437,1
2798,1213,29,436,1
2799,1213,29,438,1
2800,1213,29,430,1
2801,1213,29,431,1
2802,1213,29,434,-1
2803,1213,144,2287,1
2804,1213,144,2286,1
2805,1213,110,1687,1
2806,1214,187,2832,1
2807,1214,186,2821,1
2808,1214,176,2666,1
2809,1214,176,2668,1
